{
    "pressure_process": {
        "a": 8.600000001024455e-05,
        "b": 0.9240409731864929
    },
    "temperature_process": {
        "a": 0.005826999898999929,
        "b": 14.05479907989502
    },
    "temperature_chamber": {
        "a": 0.005884999874979258,
        "b": 12.395223617553711
    },
    "temperature_steamgen": {
        "a": 0.00583800021559,
        "b": 13.932112693786621
    }
}