{
    "pressure_process": {
        "a": 8.681699546286836e-05,
        "b": 0.9390090107917786
    },
    "temperature_process": {
        "a": 0.005807823501527309,
        "b": 13.63551139831543
    },
    "temperature_chamber": {
        "a": 0.005833079572767019,
        "b": 12.827813148498535
    },
    "temperature_steamgen": {
        "a": 0.005804693326354027,
        "b": 13.772480010986328
    }
}