{
    "pressure_process": {
        "a": 8.637172868475318e-05,
        "b": 0.9255771040916443
    },
    "temperature_process": {
        "a": 0.005817302502691746,
        "b": 11.768732070922852
    },
    "temperature_chamber": {
        "a": 0.005821762140840292,
        "b": 14.54205322265625
    },
    "temperature_steamgen": {
        "a": 0.005856259725987911,
        "b": 13.566032409667969
    }
}