{
    "pressure_process": {
        "a": 8.617772982688621e-05,
        "b": 0.9254200458526611
    },
    "temperature_process": {
        "a": 0.005848398897796869,
        "b": 12.609549522399902
    },
    "temperature_chamber": {
        "a": 0.005843896884471178,
        "b": 14.541044235229492
    },
    "temperature_steamgen": {
        "a": 0.00582050159573555,
        "b": 12.941019058227539
    }
}